,Unnamed: 0,Application_ID,Python (out of 3),R Programming (out of 3),Deep Learning (out of 3),PHP (out of 3),MySQL (out of 3),HTML (out of 3),CSS (out of 3),JavaScript (out of 3),AJAX (out of 3),Bootstrap (out of 3),MongoDB (out of 3),Node.js (out of 3),ReactJS (out of 3),Other skills
1,1,ML0002,2,0,0,2,2,2,2,2,0,0,0,0,0,"Data Science, Machine Learning, Neural Networks, Python, Android"
2,2,ML0003,3,0,1,2,2,2,0,2,0,0,0,0,0,"Algorithms, Data Structures, Python, C Programming, C#.NET, C++ Programming, Data Analytics, Java, Machine Learning, Mathematics, MongoDB, Natural Language Processing (NLP), PostgreSQL, SQL, Statistical Modeling, Amazon Web Services (AWS), Deep Learning"
3,3,ML0004,2,0,2,1,0,2,0,0,0,0,0,0,0,"CSS, Deep Learning, Embedded Systems, HTML, Machine Learning, Python, Arduino"
4,4,ML0005,2,0,0,2,0,2,1,1,0,0,2,2,2,"HTML, OpenCV, Python, SQL, C++ Programming, CSS, Django, MongoDB, REST API"
5,5,ML0006,2,0,0,1,0,3,2,1,0,0,0,0,0,"Data Analytics, Machine Learning, MySQL, Python"
6,6,ML0007,1,0,0,0,0,0,0,0,0,0,0,0,0,"MS-Word, Python, Robotics"
7,7,ML0008,3,1,0,0,0,2,0,0,0,0,0,0,0,"Data Analytics, Python, SQL, .NET, ASP.NET, C#, MS SQL Server, MySQL, R Programming"
8,8,ML0009,3,0,0,0,0,2,2,0,0,0,0,0,0,"English Proficiency (Spoken), English Proficiency (Written), Hindi Proficiency(Spoken), LaTeX, MS-Excel, MS-PowerPoint, MS-Word, Python, Report Writing, BIG DATA ANALYTICS, Creative Writing, Data Analytics, Event Management, MATLAB, Machine Learning, Physics, SQL, Teaching, WordPress, C++ Programming, Catia, Video Editing"
9,9,ML0010,2,0,2,0,0,2,2,2,0,0,0,0,2,"MS-Office, Computer Vision, Data Analytics, Deep Learning, MS-Excel, Machine Learning, Natural Language Processing (NLP), Python, SQL"
10,10,ML0011,2,0,0,0,0,0,0,0,0,0,0,0,0,"CSS, HTML, Java, Python, SQL"
11,11,ML0012,3,0,2,1,0,2,0,0,0,0,0,0,0,"Python, C++ Programming, Data Analytics, Deep Learning, MATLAB, Machine Learning, SQL"
12,12,ML0013,2,2,1,1,0,2,2,1,0,0,0,0,0,"C Programming, Image Processing, Machine Learning, Natural Language Processing (NLP), OpenCV, Python, R Programming, Deep Learning, MySQL"
13,13,ML0014,2,2,0,2,1,0,0,0,0,0,0,0,0,"C Programming, C++ Programming, Data Analytics, Java, MS-Excel, Machine Learning, MySQL, Python, R Programming, Statistical Modeling"
14,14,ML0015,2,0,0,0,0,0,0,0,0,0,0,0,0,"Java, Python, SQL, C Programming"
15,15,ML0016,2,0,0,0,2,2,2,1,1,1,0,0,0,"SQL, Data Analytics, MS-Excel, Machine Learning, Python"
16,16,ML0017,2,0,0,2,0,2,2,0,0,0,0,0,0,"MS-Office, Python, Data Science, Machine Learning, SQL"
17,17,ML0018,1,0,0,0,0,2,2,1,0,0,0,0,0,"Data Analytics, Machine Learning, Python"
18,18,ML0019,0,0,0,0,0,2,1,0,0,0,0,0,0,0
19,19,ML0020,2,0,0,2,2,2,2,2,0,0,0,0,1,"BIG DATA ANALYTICS, Data Analytics, Database Management System (DBMS), Machine Learning, MySQL, Natural Language Processing (NLP), Python"
21,21,ML0022,1,1,0,0,0,0,0,0,0,0,0,0,0,"Python, R Programming"
22,22,ML0023,2,0,0,0,0,2,2,0,0,0,0,0,0,"Data Science, C Programming, Data Structures, Machine Learning, Neural Networks, Python, SQL"
24,24,ML0025,2,0,0,0,2,0,2,2,0,0,0,0,0,"Algorithms, C++ Programming, Data Structures, Database Management System (DBMS), Python, Java"
25,25,ML0026,2,0,0,0,0,2,0,0,0,0,0,0,0,"C Programming, Java, MySQL, PHP, Python"
26,26,ML0027,2,0,0,0,0,2,2,1,0,0,0,0,0,"Machine Learning, Python"
27,27,ML0028,2,0,2,0,0,0,0,0,0,0,0,0,0,"Artifical Intelligence, C++ Programming, Deep Learning, Image Processing, Machine Learning, Python"
28,28,ML0029,2,1,0,2,0,2,1,2,0,0,0,0,0,"Machine Learning, Natural Language Processing (NLP), Python, MATLAB, R Programming"
29,29,ML0030,2,2,2,2,0,2,2,0,0,0,0,0,0,"Artifical Intelligence, Computer Vision, Deep Learning, Machine Learning, Natural Language Processing (NLP), Python, R Programming, SQL, Statistical Modeling, Tableau"
30,30,ML0031,2,2,0,0,0,2,2,0,0,0,0,0,0,"Data Analytics, MS-Excel, MS-Office, Machine Learning, Python, R Programming, SQL"
31,31,ML0032,2,0,0,1,0,1,1,1,0,0,0,0,0,"Data Analytics, Machine Learning, Python"
32,32,ML0033,1,0,0,0,0,1,1,1,0,0,0,0,0,"CSS, Django, HTML, JavaScript, Python"
33,33,ML0034,3,2,2,0,0,2,2,0,0,2,0,0,0,"Python, Data Structures, Deep Learning, Machine Learning, R Programming, Statistical Modeling, Natural Language Processing (NLP)"
34,34,ML0035,3,3,3,0,2,2,2,1,0,2,0,0,0,"Artifical Intelligence, Data Analytics, Deep Learning, MS-Excel, Machine Learning, Python, R Programming"
35,35,ML0036,0,0,0,0,0,0,0,0,0,0,0,0,0,"English Proficiency (Spoken), English Proficiency (Written), SPSS, Data Analytics, Database Management System (DBMS), MS-Excel, Machine Learning, Report Writing, Adobe Photoshop, PHP, WordPress"
36,36,ML0037,2,0,0,1,2,1,2,0,0,2,0,0,0,"Django, MS-Excel, Machine Learning, Python, SQL"
37,37,ML0038,2,0,2,2,0,2,2,2,0,0,0,0,0,"Data Structures, Artifical Intelligence, Database Management System (DBMS), Deep Learning, J2EE, Java, Machine Learning, Python"
38,38,ML0039,1,0,0,2,3,3,2,2,0,2,0,2,0,"C Programming, MS-Office, Bootstrap, C++ Programming, Data Structures, English Proficiency (Spoken), HTML, MySQL, PHP, Python"
39,39,ML0040,2,0,0,0,0,0,0,0,0,0,0,0,0,"Bootstrap, CSS, HTML, JavaScript, WordPress, Java, Python"
40,40,ML0041,1,1,1,0,0,0,0,0,0,0,0,0,0,"C Programming, C++ Programming, Deep Learning, Machine Learning, Natural Language Processing (NLP), Python, R Programming"
41,41,ML0042,1,0,0,3,0,3,2,3,0,0,0,0,0,"Android, Java, Adobe Photoshop, Machine Learning, Python"
42,42,ML0043,1,2,0,0,0,2,0,2,0,0,0,0,0,"English Proficiency (Spoken), Data Analytics, MS-Excel, Machine Learning, R Programming, Tableau, Python"
43,43,ML0044,2,2,0,0,0,0,0,0,0,0,0,0,0,"C Programming, Data Analytics, Data Science, Python, R Programming, MS-Excel, Machine Learning, SQL, Statistical Modeling, Tableau"
44,44,ML0045,2,0,0,0,0,0,0,0,0,0,0,0,0,"Algorithms, C++ Programming, Data Analytics, Data Structures, Machine Learning, Mathematics, Python"
45,45,ML0046,3,0,2,0,0,0,0,0,0,0,0,0,0,"Image Processing, Machine Learning, Mathematics, Python, Computer Vision, Deep Learning, OpenCV, Django"
46,46,ML0047,0,0,0,2,2,2,2,2,0,2,0,0,0,"AutoCAD, Embedded Systems, MATLAB"
47,47,ML0048,2,0,2,0,0,2,0,0,0,0,0,0,0,"C Programming, C++ Programming, Deep Learning, Machine Learning, Python"
48,48,ML0049,2,0,0,2,0,2,2,1,0,0,0,0,0,"Machine Learning, Python, SQL"
49,49,ML0050,2,0,0,0,0,2,2,1,0,0,0,0,0,"Python, Computer Vision, Image Processing, Machine Learning, Natural Language Processing (NLP), OpenCV"
50,50,ML0051,1,0,0,0,0,0,0,0,0,0,0,0,0,"HTML, Java, MS-Word, C Programming, Python"
51,51,ML0052,2,0,0,2,0,2,2,3,0,0,0,0,0,"Artifical Intelligence, Machine Learning, Python, SQL, Statistical Modeling, MongoDB"
52,52,ML0053,2,0,2,2,0,2,2,0,0,0,0,0,0,"Deep Learning, Machine Learning, Python, Artifical Intelligence, Natural Language Processing (NLP)"
53,53,ML0054,1,0,0,0,0,2,0,0,0,0,0,0,0,"AngularJS, CSS, HTML, Java, JavaScript, MySQL, Node.js, ReactJS, Python"
54,54,ML0055,2,2,0,2,0,2,2,0,0,0,0,0,0,"MS-Word, Statistical Modeling, MS-Excel, MS-Office, Mathematics, Python, R Programming, Data Analytics"
55,55,ML0056,2,2,2,0,0,0,0,0,0,0,0,0,0,"C Programming, Data Structures, Deep Learning, Machine Learning, MySQL, Natural Language Processing (NLP), Python, R Programming, Computer Vision, Django, Hadoop"
56,56,ML0057,0,0,0,0,0,2,0,0,0,0,0,0,0,"Data Analytics, Machine Learning, Database Management System (DBMS)"
57,57,ML0058,3,0,0,2,0,3,2,0,0,0,0,0,0,"C Programming, C++ Programming, Python, Java, HTML, JavaScript, SQL"
58,58,ML0059,0,0,0,0,0,0,0,0,0,0,0,0,0,0
59,59,ML0060,3,1,0,3,0,2,2,0,0,3,0,0,0,"Data Analytics, Machine Learning, MySQL, Python, Statistical Modeling, BIG DATA ANALYTICS, MS-Excel, SAS, R Programming"
60,60,ML0061,3,0,3,0,0,0,0,0,0,0,0,0,0,"Computer Vision, Deep Learning, Image Processing, Neural Networks, Python, Data Analytics"
61,61,ML0062,1,0,0,0,0,0,0,2,0,0,0,0,0,"AutoCAD, Autodesk Inventor, C Programming, SolidWorks, ANSYS, C++ Programming, GNU Octave, MATLAB, Arduino, Autodesk SketchBook, HTML, Machine Learning, Python"
62,62,ML0063,2,2,0,0,0,0,0,0,0,0,0,0,0,"BIG DATA ANALYTICS, Data Analytics, Database Management System (DBMS), Linux, Machine Learning, Python, R Programming, SQL, Java"
63,63,ML0064,2,2,0,0,0,0,0,0,0,0,0,0,0,"MS-Office, C Programming, Python, R Programming, Visual Basic (VB), C++ Programming, MS SQL Server, NoSQL"
64,64,ML0065,2,2,0,0,0,2,0,0,0,0,0,0,0,"English Proficiency (Spoken), Data Analytics, MS-Excel, Machine Learning, Python, R Programming"
65,65,ML0066,2,0,0,0,0,3,3,2,0,3,0,0,0,"C Programming, C++ Programming, Data Analytics, Data Structures, Database Management System (DBMS), Python, Machine Learning"
66,66,ML0067,2,0,0,2,3,3,3,3,0,0,0,0,0,"Data Analytics, English Proficiency (Spoken), Hindi Proficiency (Spoken), MS-Excel, MS-Office, MS-PowerPoint, MS-Word, SQL, C Programming, C++ Programming, Hadoop, Linux, Machine Learning, MySQL, Python, Blockchain, Image Processing"
67,67,ML0068,2,2,0,1,0,0,0,0,0,0,0,0,0,"AutoCAD, Machine Learning, Python, R Programming, SQL, Natural Language Processing (NLP)"
68,68,ML0069,2,0,0,0,0,0,0,0,0,0,0,0,0,"Data Analytics, Data Science, MS-Excel, Machine Learning, Python"
69,69,ML0070,2,0,0,0,0,0,0,0,0,0,0,0,0,"English Proficiency (Spoken), English Proficiency (Written), MS-Word, Machine Learning, MySQL, Python, WordPress, Java"
70,70,ML0071,3,0,0,0,2,3,0,2,0,0,0,0,0,"Algorithms, C Programming, C++ Programming, Data Analytics, Data Science, Data Structures, MS-Excel, MS-Word, Machine Learning, Python, Statistical Modeling, Database Management System (DBMS), SQL"
71,71,ML0072,1,2,0,2,2,2,2,2,0,0,0,0,0,"Algorithms, Cloud Computing, Database Management System (DBMS), MS-Excel, MS-Word, Machine Learning, Mathematics, R Programming, Statistical Modeling, Python, SPSS"
72,72,ML0073,2,2,0,0,0,1,1,1,0,0,0,0,0,"MS-Excel, Machine Learning, Python, R Programming, MS-Office"
73,73,ML0074,2,0,0,0,0,2,2,2,0,0,0,0,2,"English Proficiency (Spoken), HTML, Java, MS-Excel, Python, Data Analytics"
74,74,ML0075,1,0,1,0,0,0,0,0,0,0,0,0,0,"HTML, JavaScript, Data Analytics, Deep Learning, Machine Learning, Neural Networks, Python"
75,75,ML0076,1,0,0,2,0,2,2,0,0,0,0,0,0,"Android, C Programming, C++ Programming, Computer Networks, Data Structures, Database Management System (DBMS), English Proficiency (Spoken), English Proficiency (Written), HTML, Java, MS-Office, MS-PowerPoint, MS-Word, Adobe Photoshop, CSS, Linux, PHP, Python, XML"
76,76,ML0077,3,3,3,0,0,2,0,0,0,0,0,0,0,"Adobe Photoshop, CSS, Computer Vision, Data Analytics, Deep Learning, HTML, JavaScript, MATLAB, Machine Learning, Natural Language Processing (NLP), Python, R Programming, MS-Excel, PHP, jQuery"
77,77,ML0078,2,0,0,2,0,2,2,0,0,0,0,0,0,"Data Analytics, Machine Learning, Python"
78,78,ML0079,2,1,0,0,0,0,0,0,0,0,0,0,0,"Machine Learning, Python, SQL, Database Testing, R Programming"
79,79,ML0080,1,0,0,0,0,2,0,0,0,0,0,0,0,"English Proficiency (Spoken), MS-Excel, Data Analytics, Machine Learning, Python"
80,80,ML0081,2,2,0,2,0,3,2,0,0,0,0,0,0,"MS-Excel, MS-Office, MS-PowerPoint, Machine Learning, Python, R Programming, SPSS, Statistical Modeling, C++ Programming, Google Analytics, Six Sigma"
81,81,ML0082,3,2,0,0,0,0,0,0,0,0,0,0,0,"Data Analytics, MS-Word, Python, Event Management, MS-Office, MS-PowerPoint, R Programming, SQL"
82,82,ML0083,2,0,2,3,0,2,2,0,0,3,0,0,0,"Deep Learning, Machine Learning, Python, Algorithms, Artifical Intelligence, C Programming, C++ Programming, Computer Vision, GitHub, Java"
83,83,ML0084,2,0,0,0,0,0,0,0,0,0,0,0,0,"Python, SQL"
84,84,ML0085,2,2,0,0,0,0,0,2,0,0,0,0,0,"Machine Learning, Python, R Programming, Statistical Modeling, Apache, Hadoop"
85,85,ML0086,2,0,0,0,0,0,0,0,0,0,0,0,0,"Machine Learning, Python"
86,86,ML0087,2,0,1,0,0,0,0,0,0,0,0,0,0,"Artifical Intelligence, Django, Python, Deep Learning, Machine Learning"
87,87,ML0088,2,0,2,0,0,2,0,0,0,0,0,0,0,"C Programming, Data Structures, Database Management System (DBMS), Deep Learning, Machine Learning, Python"
88,88,ML0089,1,0,0,0,0,3,3,2,0,3,0,0,0,"SAP, Machine Learning, Python"
89,89,ML0090,1,0,0,2,3,3,3,3,0,0,0,0,0,"MS-Excel, MS-Office, Machine Learning, Python"
90,90,ML0091,2,2,2,1,0,0,0,0,0,0,0,0,0,"Linux, Data Analytics, Deep Learning, Image Processing, Java, Machine Learning, PHP, Python, R Programming, Natural Language Processing (NLP), OpenCV, Statistical Modeling"
91,91,ML0092,2,0,0,0,0,0,0,0,0,0,0,0,0,"C Programming, Internet of Things (IoT), Mathematics, Database Management System (DBMS), HTML, JavaScript, Machine Learning, MySQL, Python, BIG DATA ANALYTICS"
92,92,ML0093,2,0,0,0,0,0,0,0,0,0,0,0,0,"C Programming, HTML, PHP, Python, AngularJS, JavaScript"
93,93,ML0094,3,1,2,0,2,3,0,2,0,0,0,0,0,"English Proficiency (Written), Hindi Proficiency (Written), MS-Excel, MS-PowerPoint, MS-Word, Python, Telugu Proficiency (Spoken), Telugu Proficiency (Written), C Programming, Computer Vision, Deep Learning, Digital Signal Processing, English Proficiency (Spoken), Hindi Proficiency (Spoken), Image Processing, LaTeX, MATLAB, Machine Learning, NI Multisim, Neural Networks, OpenCV, Proteus Design Suite, Arduino, Artifical Intelligence, R Programming"
94,94,ML0095,2,0,0,2,2,2,2,2,0,0,0,0,0,"Algorithms, C Programming, Computer Networking, Data Structures, Database Management System (DBMS), Java, Python, Amazon Web Services (AWS), Bootstrap, Cloud Computing, Linux, Machine Learning, PHP"
95,95,ML0096,2,2,0,0,0,1,1,1,0,0,0,0,0,"MS-Office, Machine Learning, C Programming, Catia, Neural Networks, Python, R Programming, SAS, SQL"
96,96,ML0097,2,2,0,0,0,2,2,2,0,0,0,0,2,"Data Structures, Machine Learning, Database Management System (DBMS), Natural Language Processing (NLP), Neural Networks, Python, R Programming, SQL, Statistical Modeling"
97,97,ML0098,2,2,0,0,0,0,0,0,0,0,0,0,0,"Data Analytics, MS-Excel, Machine Learning, Python, R Programming, SAS, SQL, Statistical Modeling"
98,98,ML0099,2,0,0,1,0,2,2,2,0,0,0,0,1,"GitHub, Linux, Python, Visual Basic (VB), C++ Programming, Java, JavaScript, SQL"
99,99,ML0100,2,0,0,0,2,3,3,3,0,0,0,0,2,"MS-Office, MS-PowerPoint, Python, SQL"
100,100,ML0101,2,2,0,0,0,2,2,1,0,0,0,0,1,"Data Analytics, Python, R Programming"
101,101,ML0102,1,2,0,0,0,2,2,2,0,0,0,0,1,"R Programming, BIG DATA ANALYTICS, Java, Machine Learning, Python"
102,102,ML0103,3,0,0,0,0,2,0,2,0,0,0,0,2,"C Programming, Python, Adobe Illustrator, Java, Adobe Photoshop"
103,103,ML0104,3,2,0,0,1,0,0,0,0,0,0,0,1,"C Programming, HTML, Java, Python, Android, Data Analytics, Data Science, Golang, JSP, Machine Learning, R Programming, REST API, Software Testing"
104,104,ML0105,2,0,0,0,1,1,0,0,0,0,0,0,2,"Algorithms, C Programming, Data Structures, Database Management System (DBMS), Java, Linux, Python"
105,105,ML0106,2,0,0,0,0,0,0,0,0,0,0,0,1,"Algorithms, C Programming, C++ Programming, CSS, Data Analytics, Data Structures, HTML, Java, JavaScript, Linux, Machine Learning, Python"
106,106,ML0107,3,0,0,0,0,0,0,0,0,0,0,0,1,"Data Analytics, MS-Office, Python, Algorithms, Data Science, Data Structures, Database Management System (DBMS), GitHub, MS-Excel, Machine Learning, Mathematics, OpenCV, SQL, Statistical Modeling, Natural Language Processing (NLP)"
107,107,ML0108,2,0,0,2,0,3,2,2,0,0,0,0,0,"Adobe Photoshop, HTML, Photography, Python, Adobe Illustrator, CSS, Java, Software Testing"
108,108,ML0109,2,0,1,0,0,2,2,1,0,0,0,0,0,"English Proficiency (Spoken), Machine Learning, Python, SQL, Deep Learning, Natural Language Processing (NLP)"
109,109,ML0110,2,0,0,0,0,2,0,0,0,0,0,0,0,"Arduino, C Programming, C++ Programming, Catia, Python, Raspberry Pi"
110,110,ML0111,1,0,0,0,0,3,2,2,0,0,0,0,0,"C Programming, C++ Programming, Cloud Computing, Data Analytics, Data Science, Photography, Python"
111,111,ML0112,2,2,0,1,0,1,1,1,0,0,0,0,1,"Mathematics, Data Analytics, English Proficiency (Written), MS-Office, Python, R Programming"
112,112,ML0113,2,0,0,0,2,2,2,2,0,0,0,0,2,"Computer Vision, Image Processing, Machine Learning, Python"
113,113,ML0114,1,0,0,0,0,0,0,0,0,0,0,0,1,"English Proficiency (Spoken), MS-Excel, English Proficiency (Written), Machine Learning, Python"
114,114,ML0115,2,0,2,0,0,0,0,0,0,0,0,0,2,"Deep Learning, Machine Learning, Natural Language Processing (NLP), Python"
115,115,ML0116,2,0,0,0,0,0,0,0,0,0,0,0,1,"MySQL, C Programming, HTML, Python, CSS"
116,116,ML0117,2,0,1,2,0,3,2,0,0,0,0,0,0,"Data Science, MS-PowerPoint, MS-Word, Machine Learning, Python, Deep Learning"
117,117,ML0118,2,2,1,0,0,0,0,1,0,0,0,0,0,"Machine Learning, Natural Language Processing (NLP), OpenCV, Python, R Programming, Artifical Intelligence, Deep Learning"
118,118,ML0119,1,0,1,0,0,2,2,0,0,0,0,0,0,"Deep Learning, MS-Excel, Machine Learning, Python"
119,119,ML0120,2,0,2,0,0,2,0,0,0,0,0,0,0,"C Programming, C++ Programming, Deep Learning, Machine Learning, Python, SQL"
120,120,ML0121,2,0,0,0,2,2,2,2,0,0,0,2,1,"Algorithms, C Programming, C++ Programming, CSS, Data Structures, HTML, Machine Learning, Python"
121,121,ML0122,2,0,0,0,1,2,2,1,0,0,0,0,2,"Computer Vision, Data Analytics, Machine Learning, Python, SQL, MS-Excel"
122,122,ML0123,1,0,0,0,0,2,2,0,1,0,0,0,1,"Java, Machine Learning, Python"
123,123,ML0124,0,1,0,0,0,2,2,2,0,0,0,0,1,"Data Analytics, English Proficiency (Spoken), Financial Modeling, MS-Excel, Accounting, Digital Marketing, R Programming"
124,124,ML0125,3,2,3,2,2,2,2,2,0,2,0,0,1,"Data Science, Deep Learning, Machine Learning, Natural Language Processing (NLP), Python, Artifical Intelligence, R Programming"
125,125,ML0126,2,0,0,0,0,0,0,0,0,0,0,0,0,"English Proficiency (Spoken), English Proficiency (Written), Event Management, C Programming, Data Analytics, MS-Excel, MS-Office, MS-PowerPoint, MS-Word, Machine Learning, Physics, Python, SQL, Statistical Modeling"
126,126,ML0127,1,0,0,0,0,0,0,0,0,0,0,0,0,"English Proficiency (Spoken), Catia, MS-Office, C Programming, C++ Programming, Data Analytics, Java, Machine Learning, Python"
127,127,ML0128,2,2,0,0,0,0,0,0,0,0,0,0,0,"MS-Excel, SQL, Machine Learning, Python, R Programming"
128,128,ML0129,2,0,0,0,0,0,0,0,0,0,0,2,0,"Amazon Web Services (AWS), Data Science, Python"
129,129,ML0130,2,0,1,0,3,3,3,3,0,0,0,0,0,"English Proficiency (Spoken), MS-Excel, Data Analytics, Python, Deep Learning, Machine Learning"
130,130,ML0131,2,0,0,2,0,0,0,0,0,0,0,0,0,"C++ Programming, Java, Blockchain, C Programming, Python, Servlets, AJAX, CSS, Data Science, HTML, J2EE, JavaScript, Machine Learning, Neural Networks"
131,131,ML0132,2,0,0,0,0,3,2,2,0,0,0,0,0,"SQL, Algorithms, Data Analytics, Data Structures, MS-Excel, Machine Learning, Mathematics, Python"
132,132,ML0133,2,0,0,2,1,0,0,0,0,0,0,0,0,"Machine Learning, Python, Data Analytics, Power BI, SQL"
133,133,ML0134,2,0,0,0,0,0,0,0,0,0,0,0,0,"Data Analytics, English Proficiency (Spoken), Machine Learning, Python"
134,134,ML0135,2,0,0,0,2,2,2,1,1,1,0,0,0,"Data Analytics, Linear Programming, MS-Excel, Machine Learning, Python, SQL, Statistical Modeling"
135,135,ML0136,2,2,0,2,0,2,2,0,0,0,0,0,0,"Data Analytics, MS-Office, Python, R Programming, SAS"
136,136,ML0137,2,2,0,1,0,2,2,1,0,0,0,0,0,"Data Analytics, Data Science, Python, R Programming, SAS"
137,137,ML0138,2,3,0,0,0,2,1,0,0,0,0,0,0,"R Programming, MS-Excel, MS-PowerPoint, MS-Word, Python, Hadoop, Java, Linux, Machine Learning"
138,138,ML0139,0,1,2,2,2,2,2,2,0,0,0,0,0,"CSS, HTML, Adobe Dreamweaver, BIG DATA ANALYTICS, C Programming, Computer Networking, Computer Networks, Data Analytics, Deep Learning, Image Processing, Machine Learning, MongoDB, NoSQL, SQL, C++ Programming, Data Structures, Ethical Hacking, R Programming"
139,139,ML0140,2,0,2,2,2,3,3,2,0,2,2,2,0,"Data Analytics, Deep Learning, Machine Learning, MySQL, Python, Statistical Modeling"
140,140,ML0141,2,0,0,0,0,2,1,2,0,0,1,1,1,"Python, Data Analytics, Data Science, Java, Machine Learning"
141,141,ML0142,1,0,0,0,0,0,0,0,0,0,0,0,0,"Computer Vision, Data Analytics, MS-Excel, MySQL, Python"
142,142,ML0143,2,2,0,0,0,2,2,0,0,0,0,0,0,"HTML, C Programming, CSS, Data Analytics, Java, MS-Excel, MySQL, PHP, Python, R Programming, Machine Learning"
143,143,ML0144,2,0,2,0,0,0,0,0,0,0,0,0,0,"Algorithms, Articulate Storyline, Audacity, AutoCAD, Data Analytics, Deep Learning, Machine Learning, Natural Language Processing (NLP), Python, SQL"
144,144,ML0145,2,3,0,0,2,0,2,2,0,0,0,0,0,"Data Analytics, Data Science, MS-Excel, Machine Learning, R Programming, MongoDB, Python, Statistical Modeling, Tableau"
145,145,ML0146,3,0,0,0,0,2,0,0,0,0,0,0,0,"MS-Excel, Machine Learning, Python, SQL"
146,146,ML0147,2,0,0,0,0,2,2,1,0,0,0,0,0,"MS-Excel, Python, Machine Learning"
147,147,ML0148,2,0,2,0,0,0,0,0,0,0,0,0,0,"Machine Learning, Data Analytics, Deep Learning, MySQL, Natural Language Processing (NLP), Neural Networks, Python, OpenCV"
148,148,ML0149,2,0,2,1,0,1,1,1,0,0,0,0,0,"Deep Learning, Java, Machine Learning, Python"
149,149,ML0150,1,0,0,1,1,1,1,0,0,0,0,0,0,"MS-PowerPoint, MS-Word, Data Analytics, Python, SQL"
150,150,ML0151,1,0,0,0,0,2,2,0,0,0,0,0,0,"English Proficiency (Spoken), Java, MS-Excel, SQL, Data Analytics, Machine Learning, Python"
151,151,ML0152,1,2,0,1,0,1,1,1,0,0,0,0,0,"MS-Excel, R Programming, Data Structures, Python, SQL"
152,152,ML0153,3,0,1,0,0,1,1,1,0,0,0,0,0,"MS-Excel, PostgreSQL, Python, SAS, BIG DATA ANALYTICS, GitHub, Natural Language Processing (NLP), OpenCV, Deep Learning, MongoDB"
153,153,ML0154,2,0,0,0,0,2,2,0,0,2,0,0,0,"C Programming, Image Processing, Java, Machine Learning, Python, Neural Networks, SQL"
154,154,ML0155,2,0,2,0,2,2,2,1,0,2,0,0,0,"Computer Vision, Deep Learning, Machine Learning, Natural Language Processing (NLP), Neural Networks, OpenCV, Python"
155,155,ML0156,2,0,0,0,0,0,0,0,0,0,0,0,0,"C Programming, Data Science, Database Management System (DBMS), HTML, Machine Learning, OpenCV, Python, Django, MySQL"
156,156,ML0157,3,1,0,1,2,1,2,0,0,2,0,0,0,"Python, Data Structures, Flask, SQL, R Programming"
157,157,ML0158,1,0,0,2,0,2,2,2,0,0,0,0,0,"HTML, MS-Office, Adobe Flash, Algorithms, C++ Programming, Data Structures, Eclipse (IDE), GitHub, Java, Linux, Machine Learning, MySQL, Node.js, PHP, Robotics, Software Testing, Android, Kotlin, Python"
158,158,ML0159,3,0,0,2,3,3,2,2,0,2,0,2,0,"Python, Algorithms, Data Structures, Django, Machine Learning, Statistical Modeling"
159,159,ML0160,2,0,2,0,0,0,0,0,0,0,0,0,0,"Algorithms, C++ Programming, Data Structures, Deep Learning, Machine Learning, OpenCV, Python"
160,160,ML0161,3,0,0,0,0,0,0,0,0,0,0,0,0,"C Programming, Java, MS-Word, Python, Cloud Computing, Django, Image Processing, MS-Office, SQL, JavaScript, PHP"
161,161,ML0162,0,0,0,3,0,3,2,3,0,0,0,0,0,"Adobe Photoshop, MS-Office, ANSYS, Adobe Illustrator, Java, MATLAB, SPSS"
162,162,ML0163,2,0,0,0,0,2,0,2,0,0,0,0,0,"Data Analytics, Machine Learning, Python"
163,163,ML0164,2,0,0,0,0,0,0,0,0,0,0,0,0,"Data Science, Image Processing, Python"
164,164,ML0165,1,1,0,0,0,0,0,0,0,0,0,0,0,"C Programming, C++ Programming, Catia, Data Analytics, Data Science, MS-Excel, MS-Office, MySQL, SAP, SolidWorks, Algorithms, Python, R Programming, Statistical Modeling, Tableau"
165,165,ML0166,2,0,1,0,0,0,0,0,0,0,0,0,0,"C Programming, C++ Programming, MySQL, Neural Networks, Oracle, Python, Data Analytics, Data Science, Deep Learning, Machine Learning"
166,166,ML0167,1,1,0,2,2,2,2,2,0,2,0,0,0,"MS-Excel, Python, R Programming, SQL"
167,167,ML0168,1,1,0,0,0,2,0,0,0,0,0,0,0,"MS-Excel, SQL, Machine Learning, Python, R Programming"
168,168,ML0169,2,0,0,2,0,2,2,1,0,0,0,0,0,"Data Analytics, Database Management System (DBMS), Python, Machine Learning"
169,169,ML0170,0,0,0,0,0,2,2,1,0,0,0,0,0,0
170,170,ML0171,2,2,0,0,0,0,0,0,0,0,0,0,0,"CSS, HTML, JavaScript, jQuery, .NET, ASP.NET, Adobe Photoshop Lightroom CC, C#.NET, Machine Learning, Python, R Programming, SQL"
171,171,ML0172,3,3,0,2,0,2,2,3,0,0,0,0,0,"Artifical Intelligence, MS-Excel, Machine Learning, Natural Language Processing (NLP), Neural Networks, Python, R Programming"
172,172,ML0173,1,0,0,1,0,1,1,1,0,0,0,0,0,"C++ Programming, Java, Adobe XD, Data Science, Python"
173,173,ML0174,0,0,0,1,1,1,1,0,0,0,0,0,0,"Algorithms, Data Structures, Java, Artifical Intelligence, Machine Learning, Neural Networks"
174,174,ML0175,0,0,0,0,0,2,2,0,0,0,0,0,0,"Data Analytics, Machine Learning"
175,175,ML0176,2,2,3,1,0,1,1,1,0,0,0,0,0,"Deep Learning, Machine Learning, OpenCV, C++ Programming, Computer Vision, Java, MySQL, Natural Language Processing (NLP), Python, R Programming, Statistical Modeling, BIG DATA ANALYTICS, C Programming"
176,176,ML0177,2,0,2,0,0,1,1,1,0,0,0,0,0,"Deep Learning, Machine Learning, Python, Data Analytics, Natural Language Processing (NLP)"
177,177,ML0178,2,2,2,0,0,2,2,0,0,2,0,0,0,"MS-Excel, MS-Office, MS-Word, Deep Learning, GNU Octave, MATLAB, Machine Learning, Neural Networks, Python, R Programming, Java, SQL"
178,178,ML0179,2,0,2,0,2,2,2,1,0,2,0,0,0,"Data Analytics, Machine Learning, Artifical Intelligence, Deep Learning, Natural Language Processing (NLP), Python, Computer Vision, Image Processing"
179,179,ML0180,2,2,2,0,0,0,0,0,0,0,0,0,0,"C++ Programming, Hadoop, Machine Learning, BIG DATA ANALYTICS, Deep Learning, MS-Excel, Neural Networks, Python, R Programming, SAS"
180,180,ML0181,2,0,0,1,2,1,2,0,0,2,0,0,0,"Data Analytics, English Proficiency (Spoken), MS-Excel, Machine Learning, Python"
181,181,ML0182,2,0,1,2,0,2,2,2,0,0,0,0,0,"C Programming, Data Analytics, Machine Learning, Python, Deep Learning, Java, Natural Language Processing (NLP), SQL"
182,182,ML0183,2,2,2,2,3,3,2,2,0,2,0,2,0,"JavaScript, SQL, C Programming, CSS, Data Analytics, Data Structures, Database Management System (DBMS), Deep Learning, HTML, Image Processing, Java, MS-Excel, Machine Learning, Natural Language Processing (NLP), Node.js, PHP, Power BI, Python, R Programming, User Interface (UI) Development"
183,183,ML0184,0,2,0,0,0,0,0,0,0,0,0,0,0,"Machine Learning, R Programming"
184,184,ML0185,2,2,0,0,0,0,0,0,0,0,0,0,0,"C Programming, C++ Programming, Data Analytics, MS-Excel, Machine Learning, Python, R Programming, SQL"
185,185,ML0186,1,0,0,3,0,3,2,3,0,0,0,0,0,"MySQL, Java, SQL, Data Analytics, MS-Excel, Machine Learning, Python"
186,186,ML0187,2,0,2,0,0,2,0,2,0,0,0,0,0,"CSS, HTML, Arduino, Bootstrap, C Programming, Deep Learning, GitHub, Java, Machine Learning, Python, User Interface (UI) Development, Algorithms, Android, JavaScript"
187,187,ML0188,3,0,0,0,0,0,0,0,0,0,0,0,0,"C++ Programming, Python, CSS, HTML, Java, JavaScript, SQL"
188,188,ML0189,2,0,0,0,0,0,0,0,0,0,0,0,0,"Machine Learning, Python"
189,189,ML0190,2,1,2,0,0,0,0,0,0,0,0,0,0,"Deep Learning, Machine Learning, Neural Networks, PostgreSQL, Python, Flask, MATLAB, MongoDB, R Programming"
190,190,ML0191,2,0,0,2,2,2,2,2,0,2,0,0,0,"CSS, HTML, MS-Excel, MS-PowerPoint, PHP, Python, SPSS, SQL, WordPress, Machine Learning"
191,191,ML0192,2,0,2,0,0,2,0,0,0,0,0,0,0,"C Programming, C++ Programming, Computer Vision, Data Analytics, Data Science, Deep Learning, Machine Learning, Natural Language Processing (NLP), Python, Statistical Modeling"
192,192,ML0193,2,2,0,2,0,2,2,1,0,0,0,0,0,"MS-Excel, Python, R Programming"
193,193,ML0194,0,0,0,0,0,2,2,1,0,0,0,0,0,0
194,194,ML0195,2,0,1,0,0,0,0,0,0,0,0,0,0,"Data Analytics, MS-Office, MS-Excel, Machine Learning, Neural Networks, Python, Statistical Modeling, Adobe Photoshop, Deep Learning, SQL"
195,195,ML0196,2,0,0,2,0,2,2,3,0,0,0,0,0,"Android, C++ Programming, Java, Python, Machine Learning, Natural Language Processing (NLP), SQL"
196,196,ML0197,1,0,0,1,0,1,1,1,0,0,0,0,0,"Data Analytics, HTML, MS-Excel, MS-PowerPoint, MS-Word, Database Management System (DBMS), Mathematics, MySQL, PHP, REST API, Software Testing, Python, Statistical Modeling"
197,197,ML0198,3,0,2,1,1,1,1,0,0,0,0,0,0,"Python, Tableau, Deep Learning, Machine Learning"
198,198,ML0199,1,1,0,0,0,2,2,0,0,0,0,0,0,"Machine Learning, Microsoft Azure, Python, R Programming"
199,199,ML0200,2,0,0,1,0,1,1,1,0,0,0,0,0,"Data Analytics, English Proficiency (Spoken), ANSYS, C Programming, MS-Excel, Machine Learning, Python, SQL, Statistical Modeling"
200,200,ML0201,0,0,0,0,0,1,1,1,0,0,0,0,0,"CSS, HTML, REST API, AJAX, ASP.NET, Angular 2.0, C#, GitHub, JavaScript, jQuery, Artifical Intelligence, Machine Learning"
201,201,ML0202,2,0,1,0,0,2,2,0,0,2,0,0,0,"Data Analytics, MS-PowerPoint, MS-Word, Machine Learning, Statistical Modeling, Algorithms, Data Structures, Database Management System (DBMS), MS-Excel, MySQL, Python, SQL, Deep Learning, Power BI"
202,202,ML0203,0,0,0,0,2,2,2,1,0,2,0,0,0,Software Testing
203,203,ML0204,3,2,1,0,0,0,0,0,0,0,0,0,0,"MS-Excel, MS-Office, Python, C Programming, C++ Programming, CSS, Data Analytics, Database Management System (DBMS), Email Marketing, HTML, Java, MS-PowerPoint, MS-Word, Machine Learning, MySQL, R Programming, SQL, Artifical Intelligence, Deep Learning, Neural Networks, WordPress"
204,204,ML0205,2,0,0,1,2,1,2,0,0,2,0,0,0,"English Proficiency (Spoken), MS-Excel, Python, Data Analytics, Machine Learning"
205,205,ML0206,2,0,2,2,0,2,2,2,0,0,0,0,0,"Algorithms, C Programming, Data Structures, Database Management System (DBMS), Deep Learning, Python, Android"
206,206,ML0207,2,0,0,2,3,3,2,2,0,2,0,2,0,"Computer Vision, Image Processing, OpenCV, Python, Machine Learning"
207,207,ML0208,1,0,0,0,0,0,0,0,0,0,0,0,0,"Android, Bootstrap, C++ Programming, CSS, HTML, Java, Angular 2.0, Firebase, JavaScript, Python"
208,208,ML0209,2,0,0,0,0,0,0,0,0,0,0,0,0,"HTML, Java, Python"
209,209,ML0210,2,0,0,3,0,3,2,3,0,0,0,0,0,"C++ Programming, Data Structures, Python, SQL, Java"
210,210,ML0211,0,0,0,0,0,2,0,2,0,0,0,0,0,"English Proficiency (Spoken), MS-Office, .NET, Digital Marketing, SAP"
211,211,ML0212,0,0,0,0,0,0,0,0,0,0,0,0,0,0
212,212,ML0213,2,0,0,0,0,0,0,0,0,0,0,0,0,"English Proficiency (Spoken), MS-Excel, Machine Learning, Python, Data Analytics, SQL"
213,213,ML0214,2,0,0,0,0,0,0,0,0,0,0,0,0,"Flask, MS-Excel, Machine Learning, Python, CSS, Data Analytics, GitHub, HTML, MongoDB, MySQL, SQL"
214,214,ML0215,2,0,2,2,2,2,2,2,0,2,0,0,0,"Deep Learning, MS-Excel, Machine Learning, Python, Statistical Modeling"
215,215,ML0216,2,2,2,0,0,2,0,0,0,0,0,0,0,"AutoCAD, MS-Excel, Deep Learning, Machine Learning, MySQL, Python, R Programming, SolidWorks, Statistical Modeling"
216,216,ML0217,1,0,0,2,0,2,2,1,0,0,0,0,0,"MS-Excel, HTML, Python, SQL"
217,217,ML0218,2,2,0,0,0,2,2,1,0,0,0,0,0,"Data Analytics, Machine Learning, Natural Language Processing (NLP), Python, R Programming, SQL, Statistical Modeling, Computer Vision"
218,218,ML0219,3,2,2,0,0,0,0,0,0,0,0,0,0,"Data Analytics, Machine Learning, Python, C Programming, C++ Programming, Database Management System (DBMS), Deep Learning, MS-Excel, MySQL, Natural Language Processing (NLP), Neural Networks, R Programming, Statistical Modeling"
219,219,ML0220,2,2,0,2,0,2,2,3,0,0,0,0,0,"Computer Vision, Data Analytics, Image Processing, Machine Learning, Mathematics, MongoDB, Natural Language Processing (NLP), Python, R Programming, Statistical Modeling, Cloud Computing, Hadoop, MySQL"
220,220,ML0221,2,2,0,2,0,2,3,2,0,2,0,0,0,"CSS, Bootstrap, C Programming, Data Structures, Database Management System (DBMS), Django, HTML, Java, JavaScript, PHP, Python, Machine Learning"
221,221,ML0222,0,0,0,2,2,2,2,2,0,0,0,0,0,"Adobe Photoshop, C Programming, C++ Programming, CSS, HTML, JavaScript, MS-Excel, MS-Office, MS-PowerPoint, MS-Word, Microsoft Visual Studio, MySQL, PHP, SQL, Shell Scripting, Computer Networking, Data Structures, Database Management System (DBMS), Flutter, Java, Linux, MS SQL Server, Perl, WordPress"
222,222,ML0223,3,0,1,2,2,2,0,2,0,0,0,0,0,"C Programming, C++ Programming, Data Analytics, English Proficiency (Spoken), English Proficiency (Written), Hindi Proficiency (Spoken), Hindi Proficiency (Written), Photography, Python, Algorithms, Angular 7.0, Data Structures, Database Management System (DBMS), HTML, JavaScript, MATLAB, Machine Learning, MySQL, SQL, Computer Vision, OpenCV"
223,223,ML0224,2,0,2,1,0,2,0,0,0,0,0,0,0,"Telugu Proficiency (Written), WordPress, Android, AutoCAD, C Programming, Computer Networking, Database Management System (DBMS), HTML, Python, Social Media Marketing, Windows Mobile Application Development, Amazon Web Services (AWS), Java"
224,224,ML0225,2,0,0,2,0,2,1,1,0,0,2,2,2,"Arduino, C Programming, C++ Programming, Firebase, HTML, MongoDB, Node.js, Python, ReactJS, Redux, jQuery, CSS, Django, JavaScript"
225,225,ML0226,3,0,0,1,0,3,2,1,0,0,0,0,0,"C Programming, C++ Programming, HTML, Java, Python, ASP.NET, CSS, SQL, JavaScript, PHP"
226,226,ML0227,0,0,0,0,0,0,0,0,0,0,0,0,0,"Java, Android, C++ Programming"
227,227,ML0228,0,1,0,0,0,2,0,0,0,0,0,0,0,"Android, C Programming, HTML, Java, User Interface (UI) Development"
228,228,ML0229,0,0,0,0,0,2,2,0,0,0,0,0,0,"Android, CSS, HTML, Java"
229,229,ML0230,0,0,2,0,0,2,2,2,0,0,0,0,2,"MS-Word, C Programming, CSS, Embedded Systems, HTML, JavaScript, MS-Excel, MS-Office, MS-PowerPoint, ReactJS"
230,230,ML0231,2,0,0,0,0,0,0,0,0,0,0,0,0,"C Programming, Java, Python, Android"
231,231,ML0232,2,0,2,1,0,2,0,0,0,0,0,0,0,"Android, HTML, Java, Python, PHP"
232,232,ML0233,2,2,1,1,0,2,2,1,0,0,0,0,0,"C Programming, C++ Programming, CSS, HTML, Python, Artifical Intelligence, Java, JavaScript, Machine Learning, PHP"
233,233,ML0234,2,2,0,2,1,0,0,0,0,0,0,0,0,"C Programming, C++ Programming, Java, PHP, Python, MySQL, NoSQL"
234,234,ML0235,1,0,0,0,0,0,0,0,0,0,0,0,0,"C Programming, Android, Java, Python"
235,235,ML0236,2,0,0,0,2,2,2,1,1,1,0,0,0,"SQL, Search Engine Optimization (SEO), UI & UX Design, User Interface (UI) Development, Visual Basic (VB), Adobe Dreamweaver, Amazon Web Services (AWS), C#.NET, CSS, Creative Writing, Eclipse (IDE), English Proficiency (Spoken), English Proficiency (Written), HTML, Hindi Proficiency (Written), JSP, MS SQL Server, MS-Excel, MS-Office, Magento, MySQL, Python, Servlets, Teaching, WordPress, AJAX, ASP.NET, Android, AngularJS, Bootstrap, C++ Programming, Data Structures, Django, Java, JavaScript, Machine Learning, NoSQL, SQLite, XML, jQuery"
236,236,ML0237,0,0,0,2,0,2,2,0,0,0,0,0,0,".NET, Android, C Programming, C#, CSS, HTML, PHP, Java"
237,237,ML0238,1,0,0,0,0,2,2,1,0,0,0,0,0,"C Programming, Android, Angular 7.0, C++ Programming, CSS, HTML, J2EE, Java, SQL, Django, JavaScript, Python"
238,238,ML0239,2,0,0,0,0,2,1,0,0,0,0,0,0,"C Programming, HTML, MS-Office, MS-PowerPoint, Python, CSS, Django"
239,239,ML0240,0,0,0,2,2,2,2,2,0,0,0,0,1,"CSS, HTML, JavaScript, Manual Testing, MySQL, PHP, Software Testing, ReactJS"
240,240,ML0241,1,0,0,2,2,3,3,2,0,2,2,2,0,"CSS, HTML, Amazon Web Services (AWS), Android, AngularJS, Bootstrap, C Programming, C++ Programming, GitHub, Internet of Things (IoT), Java, JavaScript, Linux, MS-Excel, Manual Testing, MongoDB, MySQL, NoSQL, Node.js, PHP, SQLite, Software Testing, UI & UX Design, Unix, Machine Learning, Python, jQuery"
241,241,ML0242,1,1,0,0,0,0,0,0,0,0,0,0,0,"Android, C Programming, C++ Programming, Java, MS-Office, MS-PowerPoint, Python"
242,242,ML0243,0,0,0,0,0,2,2,0,0,0,0,0,0,"C Programming, CSS, Database Management System (DBMS), HTML, Java, SQL, XML"
243,243,ML0244,1,0,2,0,0,0,0,0,0,0,0,0,0,"Android, Python"
244,244,ML0245,2,0,0,0,2,0,2,2,0,0,0,0,0,"Amazon Web Services (AWS), C Programming, CSS, Data Structures, Database Management System (DBMS), Java, JavaScript, MySQL, Python, Computer Networking, Data Analytics, Linux, R Programming, SAP"
245,245,ML0246,0,0,0,0,0,2,0,0,0,0,0,0,0,"HTML, Java"
246,246,ML0247,2,0,0,0,0,2,2,1,0,0,0,0,0,"CSS, HTML, Python, SQL, JavaScript"
247,247,ML0248,0,0,2,0,0,0,0,0,0,0,0,0,0,"Android, Java"
248,248,ML0249,1,1,0,2,0,2,1,2,0,0,0,0,0,"C Programming, C++ Programming, HTML, Java, JavaScript, PHP, Android, CSS, Django, Python, R Programming"
249,249,ML0250,0,2,2,2,0,2,2,0,0,0,0,0,0,"Android, CSS, HTML, Java, PHP"
250,250,ML0251,1,2,0,0,0,2,2,0,0,0,0,0,0,"Algorithms, C Programming, C++ Programming, Data Structures, Android, CSS, Flask, HTML, Java, MATLAB, Python"
251,251,ML0252,0,0,0,1,0,1,1,1,0,0,0,0,0,"C Programming, CSS, HTML, JavaScript, PHP"
252,252,ML0253,0,0,0,0,0,1,1,1,0,0,0,0,0,"Android, CSS, HTML, Java, JavaScript"
253,253,ML0254,0,2,2,0,0,2,2,0,0,2,0,0,0,"Bootstrap, CSS, HTML, Angular 7.0"
254,254,ML0255,2,3,3,0,2,2,2,1,0,2,0,0,0,"Arduino, Bootstrap, CSS, HTML, MySQL, Python, C Programming, Django, JavaScript, jQuery"
255,255,ML0256,0,0,0,0,0,0,0,0,0,0,0,0,0,"Digital Marketing, Video Editing, Adobe Photoshop, Android, Machine Learning"
256,256,ML0257,0,0,0,1,2,1,2,0,0,2,0,0,0,"Bootstrap, CSS, Java, MS-Office, MySQL, C++ Programming, HTML, PHP"
257,257,ML0258,0,0,2,2,0,2,2,2,0,0,0,0,0,"Adobe Photoshop, C Programming, C++ Programming, CSS, Computer Networking, Data Structures, Database Management System (DBMS), HTML, Java, JavaScript, Linux, MS SQL Server, MS-Office, MS-PowerPoint, MS-Word, Microsoft Visual Studio, PHP, SQL, Swing (Java), Visual Basic (VB), Perl"
258,258,ML0259,2,0,0,2,3,3,2,2,0,2,0,2,0,"C Programming, C++ Programming, HTML, MySQL, .NET, Bootstrap, CSS, Data Structures, Java, JavaScript, Node.js, PHP, Python, Visual Basic (VB)"
259,259,ML0260,0,0,0,0,0,0,0,0,0,0,0,0,0,"Adobe Photoshop, Android, Java, MS-Office, 3ds Max"
260,260,ML0261,0,1,1,0,0,0,0,0,0,0,0,0,0,".NET, C++ Programming, Embedded Systems, Java, Raspberry Pi, VHDL"
261,261,ML0262,2,0,0,3,0,3,2,3,0,0,0,0,0,"Algorithms, C Programming, Data Structures, Database Management System (DBMS), HTML, Java, JavaScript, PHP, SQL, CSS, Linux, Python, jQuery"
262,262,ML0263,0,2,0,0,0,2,0,2,0,0,0,0,0,"HTML, Java, JavaScript, ASP.NET, Android, C#.NET"
263,263,ML0264,2,2,0,0,0,0,0,0,0,0,0,0,0,"Java, Python"
264,264,ML0265,1,0,0,0,0,0,0,0,0,0,0,0,0,"C Programming, Java, Python"
265,265,ML0266,0,0,2,0,0,0,0,0,0,0,0,0,0,0
266,266,ML0267,1,0,0,2,2,2,2,2,0,2,0,0,0,"Android, Bootstrap, C Programming, CSS, Database Management System (DBMS), HTML, Java, JavaScript, Linux, MS-Office, MySQL, PHP, React Native, SQL, C++ Programming, GitHub, LARAVEL, MATLAB, Python"
267,267,ML0268,2,0,2,0,0,2,0,0,0,0,0,0,0,"Database Management System (DBMS), HTML, Python, SQL"
268,268,ML0269,2,0,0,2,0,2,2,1,0,0,0,0,0,"CSS, Cloud Computing, HTML, PHP, Python, Android, JavaScript"
269,269,ML0270,1,0,0,0,0,2,2,1,0,0,0,0,0,"CSS, HTML, JavaScript, Python"
270,270,ML0271,2,0,0,0,0,0,0,0,0,0,0,0,0,"Android, C Programming, C++ Programming, Python, User Interface (UI) Development"
271,271,ML0272,2,0,0,2,0,2,2,3,0,0,0,0,0,"C Programming, C++ Programming, JavaScript, CSS, HTML, Java, PHP, Python"
272,272,ML0273,0,0,2,2,0,2,2,0,0,0,0,0,0,".NET, Android, C Programming, C++ Programming, CSS, Data Structures, HTML, Java, PHP, Model View Controller(MVC)"
273,273,ML0274,0,0,0,0,0,2,0,0,0,0,0,0,0,"Data Structures, Eclipse (IDE), Java, Algorithms, C Programming, C++ Programming, HTML, MS-Office, SQL, Swing (Java)"
274,274,ML0275,0,2,0,2,0,2,2,0,0,0,0,0,0,"Data Structures, Android, C Programming, C++ Programming, CSS, HTML, Java, Model View Controller(MVC), PHP, .NET, ASP.NET"
275,275,ML0276,0,2,2,0,0,0,0,0,0,0,0,0,0,"Android, Java"
276,276,ML0277,0,0,0,0,0,2,0,0,0,0,0,0,0,"Android, C Programming, C++ Programming, HTML, Java"
277,277,ML0278,1,0,0,2,0,3,2,0,0,0,0,0,0,"HTML, Android, C Programming, C++ Programming, CSS, Java, PHP, Python"
278,278,ML0279,0,0,0,0,0,0,0,0,0,0,0,0,0,0
279,279,ML0280,3,1,0,3,0,2,2,0,0,3,0,0,0,"Bootstrap, PHP, Python, CSS, HTML, Java"
280,280,ML0281,0,0,3,0,0,0,0,0,0,0,0,0,0,0
281,281,ML0282,0,0,0,0,0,0,0,2,0,0,0,0,0,"Android, JavaScript, Java"
282,282,ML0283,0,2,0,0,0,0,0,0,0,0,0,0,0,"Arduino, C++ Programming"
283,283,ML0284,0,2,0,0,0,0,0,0,0,0,0,0,0,"C Programming, Adobe Creative Suite, Android, C++ Programming, Dart, Flutter, Java"
284,284,ML0285,1,2,0,0,0,2,0,0,0,0,0,0,0,"C Programming, C++ Programming, Data Structures, HTML, Java, SQL, Android, C#, Python"
285,285,ML0286,2,0,0,0,0,3,3,2,0,3,0,0,0,"Bootstrap, CSS, HTML, AngularJS, ElectronJS, JavaScript, Python, jQuery"
286,286,ML0287,0,0,0,2,3,3,3,3,0,0,0,0,0,"CSS, HTML, Java, JavaScript, MySQL, Algorithms, Android, C Programming, C++ Programming, Data Structures, PHP"
287,287,ML0288,0,2,0,1,0,0,0,0,0,0,0,0,0,"English Proficiency (Written), C Programming, C++ Programming, Embedded Systems, English Proficiency (Spoken), Java, PHP"
288,288,ML0289,0,0,0,0,0,0,0,0,0,0,0,0,0,0
289,289,ML0290,0,0,0,0,0,0,0,0,0,0,0,0,0,"C Programming, Data Structures, Java"
290,290,ML0291,0,0,0,0,2,3,0,2,0,0,0,0,0,"C Programming, Cloud Computing, HTML, SQL, Algorithms, Android, C++ Programming, Java, JavaScript, MySQL"
291,291,ML0292,0,2,0,2,2,2,2,2,0,0,0,0,0,"C Programming, C++ Programming, CSS, Data Structures, HTML, Hibernate (Java), Java, JavaScript, MySQL, PHP, Spring MVC"
292,292,ML0293,2,2,0,0,0,1,1,1,0,0,0,0,0,"Bengali Proficiency (Spoken), Bengali Proficiency (Written), Hindi Proficiency (Spoken), C Programming, C#.NET, C++ Programming, Data Structures, Java, Python, SQL, Android, CSS, Data Analytics, Database Management System (DBMS), HTML, Internet of Things (IoT), JavaScript, Machine Learning"
293,293,ML0294,0,0,0,0,0,2,2,2,0,0,0,0,2,"MS-Word, C Programming, CSS, Embedded Systems, HTML, JavaScript, MS-Excel, MS-Office, MS-PowerPoint, ReactJS"
294,294,ML0295,2,0,1,0,0,0,0,0,0,0,0,0,0,"Embedded Systems, C Programming, Internet of Things (IoT), Python, Java"
295,295,ML0296,0,0,0,2,0,2,2,0,0,0,0,0,0,".NET, Android, C Programming, C++ Programming, CSS, Data Structures, HTML, Java, PHP, Model View Controller(MVC)"
296,296,ML0297,0,3,3,0,0,2,0,0,0,0,0,0,0,"Data Structures, Eclipse (IDE), Java, Algorithms, C Programming, C++ Programming, HTML, MS-Office, SQL, Swing (Java)"
297,297,ML0298,0,0,0,2,0,2,2,0,0,0,0,0,0,"Data Structures, Android, C Programming, C++ Programming, CSS, HTML, Java, Model View Controller(MVC), PHP, .NET, ASP.NET"
298,298,ML0299,0,1,0,0,0,0,0,0,0,0,0,0,0,"Android, Java"
299,299,ML0300,0,0,0,0,0,2,0,0,0,0,0,0,0,"Android, C Programming, C++ Programming, HTML, Java"
300,300,ML0301,1,2,0,2,0,3,2,0,0,0,0,0,0,"HTML, Android, C Programming, C++ Programming, CSS, Java, PHP, Python"
301,301,ML0302,0,2,0,0,0,0,0,0,0,0,0,0,0,0
302,302,ML0303,3,0,2,3,0,2,2,0,0,3,0,0,0,"Bootstrap, PHP, Python, CSS, HTML, Java"
303,303,ML0304,0,0,0,0,0,0,0,0,0,0,0,0,0,0
304,304,ML0305,0,2,0,0,0,0,0,2,0,0,0,0,0,"Android, JavaScript, Java"
305,305,ML0306,0,0,0,0,0,0,0,0,0,0,0,0,0,"Arduino, C++ Programming"
306,306,ML0307,0,0,1,0,0,0,0,0,0,0,0,0,0,"C Programming, Adobe Creative Suite, Android, C++ Programming, Dart, Flutter, Java"
307,307,ML0308,1,0,2,0,0,2,0,0,0,0,0,0,0,"C Programming, C++ Programming, Data Structures, HTML, Java, SQL, Android, C#, Python"
308,308,ML0309,2,0,0,0,0,3,3,2,0,3,0,0,0,"Bootstrap, CSS, HTML, AngularJS, ElectronJS, JavaScript, Python, jQuery"
309,309,ML0310,0,0,0,2,3,3,3,3,0,0,0,0,0,"CSS, HTML, Java, JavaScript, MySQL, Algorithms, Android, C Programming, C++ Programming, Data Structures, PHP"
310,310,ML0311,0,2,2,1,0,0,0,0,0,0,0,0,0,"English Proficiency (Written), C Programming, C++ Programming, Embedded Systems, English Proficiency (Spoken), Java, PHP"
311,311,ML0312,0,0,0,0,0,0,0,0,0,0,0,0,0,0
312,312,ML0313,0,0,0,0,0,0,0,0,0,0,0,0,0,"C Programming, Data Structures, Java"
313,313,ML0314,0,1,2,0,2,3,0,2,0,0,0,0,0,"C Programming, Cloud Computing, HTML, SQL, Algorithms, Android, C++ Programming, Java, JavaScript, MySQL"
314,314,ML0315,0,0,0,2,2,2,2,2,0,0,0,0,0,"C Programming, C++ Programming, CSS, Data Structures, HTML, Hibernate (Java), Java, JavaScript, MySQL, PHP, Spring MVC"
315,315,ML0316,2,2,0,0,0,1,1,1,0,0,0,0,0,"Bengali Proficiency (Spoken), Bengali Proficiency (Written), Hindi Proficiency (Spoken), C Programming, C#.NET, C++ Programming, Data Structures, Java, Python, SQL, Android, CSS, Data Analytics, Database Management System (DBMS), HTML, Internet of Things (IoT), JavaScript, Machine Learning"
316,316,ML0317,0,2,0,0,0,2,2,2,0,0,0,0,2,"MS-Word, C Programming, CSS, Embedded Systems, HTML, JavaScript, MS-Excel, MS-Office, MS-PowerPoint, ReactJS"
317,317,ML0318,2,2,0,0,0,0,0,0,0,0,0,0,0,"Embedded Systems, C Programming, Internet of Things (IoT), Python, Java"
318,318,ML0319,0,0,0,1,0,2,2,2,0,0,0,0,1,"CSS, HTML, JavaScript, PHP"
319,319,ML0320,2,0,0,0,2,3,3,3,0,0,0,0,2,"CSS, Data Structures, HTML, JavaScript, AngularJS, C#, MySQL, Python, SQL"
320,320,ML0321,1,2,0,0,0,2,2,1,0,0,0,0,1,"C Programming, Android, Angular 7.0, C++ Programming, CSS, HTML, J2EE, Java, SQL, Django, JavaScript, Python"
321,321,ML0322,0,2,0,0,0,2,2,2,0,0,0,0,1,".NET, ASP.NET, Adobe Photoshop, C#, C++ Programming, CSS, HTML, Java, JavaScript, MS-Office, Visual Basic (VB)"
322,322,ML0323,3,0,0,0,0,2,0,2,0,0,0,0,2,"Linux, Python, C Programming, C++ Programming, English Proficiency (Spoken), English Proficiency (Written), HTML, Hindi Proficiency (Spoken), Hindi Proficiency (Written), Internet of Things (IoT), Java, JavaScript, Punjabi Proficiency (Spoken), Punjabi Proficiency (Written)"
323,323,ML0324,2,2,0,0,1,0,0,0,0,0,0,0,1,"Python, MySQL"
324,324,ML0325,0,0,0,0,1,1,0,0,0,0,0,0,2,"Android, C#, C++ Programming, HTML, Java, MySQL, XML"
325,325,ML0326,3,0,0,0,0,0,0,0,0,0,0,0,1,"C Programming, C++ Programming, Python, Algorithms, Data Structures, Java"
326,326,ML0327,2,0,0,0,0,0,0,0,0,0,0,0,1,"MS-Excel, Power BI, Python, BIG DATA ANALYTICS, Deep Learning, Machine Learning, SQL"
327,327,ML0328,2,0,0,2,0,3,2,2,0,0,0,0,0,"C Programming, Data Structures, HTML, C++ Programming, CSS, Java, JavaScript, PHP, Python, Database Management System (DBMS)"
328,328,ML0329,2,0,1,0,0,2,2,1,0,0,0,0,0,"CSS, HTML, Python, SQL, JavaScript"
329,329,ML0330,0,0,0,0,0,2,0,0,0,0,0,0,0,"Adobe XD, C Programming, C++ Programming, Java, HTML, UI & UX Design, Wireframing"
330,330,ML0331,3,0,0,0,0,3,2,2,0,0,0,0,0,"English Proficiency (Spoken), HTML, MS-Office, MS-PowerPoint, Python, Adobe Photoshop, Adobe Premiere Pro, C Programming, CSS, Data Structures, JavaScript, Search Engine Marketing (SEM), Software Testing"
331,331,ML0332,0,2,0,1,0,1,1,1,0,0,0,0,1,"CSS, HTML, JavaScript, PHP, WordPress"
332,332,ML0333,0,0,0,0,2,2,2,2,0,0,0,0,2,"C Programming, CSS, HTML, Java, JavaScript, MySQL"
333,333,ML0334,0,0,0,0,0,0,0,0,0,0,0,0,1,"C++ Programming, Photography, Java, Linux"
334,334,ML0335,1,0,2,0,0,0,0,0,0,0,0,0,2,"Java, Software Testing, Android, Ethical Hacking, Python"
335,335,ML0336,1,0,0,0,0,0,0,0,0,0,0,0,1,"C Programming, Java, Python"
336,336,ML0337,1,0,1,2,0,3,2,0,0,0,0,0,0,"HTML, Android, C Programming, C++ Programming, CSS, Java, PHP, Python"
337,337,ML0338,1,2,1,0,0,0,0,1,0,0,0,0,0,"WordPress, C Programming, Data Analytics, Data Structures, JavaScript, Python, React Native, SQL"
338,338,ML0339,0,0,1,0,0,2,2,0,0,0,0,0,0,"C Programming, CSS, Database Management System (DBMS), HTML, Java, SQL, XML"
339,339,ML0340,0,0,2,0,0,2,0,0,0,0,0,0,0,"HTML, Java, SQL, Software Testing"
340,340,ML0341,1,0,0,0,2,2,2,2,0,0,0,2,1,"CSS, HTML, Java, JavaScript, MySQL, Node.js, ReactJS, Python"
341,341,ML0342,0,0,0,0,1,2,2,1,0,0,0,0,2,"CSS, HTML, Java, C Programming, Firebase, JavaScript, MySQL"
342,342,ML0343,1,0,0,0,0,2,2,0,1,0,0,0,1,"MS-Office, Algorithms, C Programming, C++ Programming, CSS, Data Structures, Database Management System (DBMS), HTML, MS-Excel, MS-PowerPoint, AJAX, Linux, Python"
343,343,ML0344,0,1,0,0,0,2,2,2,0,0,0,0,1,"MS-Word, C Programming, CSS, Embedded Systems, HTML, JavaScript, MS-Excel, MS-Office, MS-PowerPoint, ReactJS"
344,344,ML0345,2,2,3,2,2,2,2,2,0,2,0,0,1,"MS-Excel, MS-PowerPoint, MS-Word, Adobe Photoshop, BIG DATA ANALYTICS, Bootstrap, C Programming, C++ Programming, CSS, Data Structures, Database Management System (DBMS), ERP Implementation and Deployment, HTML, Java, JavaScript, Machine Learning, MySQL, PHP, Photography, Python, SQL, Software Testing, Video Editing"
345,345,ML0346,0,0,0,0,0,0,0,0,0,0,0,0,0,"C Programming, C++ Programming, Eclipse (IDE), Java, Android, C#.NET"
346,346,ML0347,0,0,0,0,0,0,0,0,0,0,0,0,0,"C Programming, Java, SQL"
347,347,ML0348,0,2,0,0,0,0,0,0,0,0,0,0,0,0
348,348,ML0349,2,0,0,0,0,0,0,0,0,0,0,2,0,"AngularJS, Java, Node.js, Python"
349,349,ML0350,2,0,1,0,3,3,3,3,0,0,0,0,0,"Algorithms, C Programming, CSS, Data Structures, HTML, Java, JavaScript, Manual Testing, MySQL, Robotics, Android, Hibernate (Java), J2EE, Python"
350,350,ML0351,1,0,0,2,0,0,0,0,0,0,0,0,0,"Java, PHP, Python"
351,351,ML0352,0,0,0,0,0,3,2,2,0,0,0,0,0,"C Programming, C++ Programming, HTML, CSS, Data Structures, Java, JavaScript, SQL, Django"
352,352,ML0353,2,0,0,2,1,0,0,0,0,0,0,0,0,"C Programming, C++ Programming, Java, PHP, Python, MySQL, NoSQL"
353,353,ML0354,1,0,0,0,0,0,0,0,0,0,0,0,0,"C Programming, Android, Java, Python"
354,354,ML0355,2,0,0,0,2,2,2,1,1,1,0,0,0,"SQL, Search Engine Optimization (SEO), UI & UX Design, User Interface (UI) Development, Visual Basic (VB), Adobe Dreamweaver, Amazon Web Services (AWS), C#.NET, CSS, Creative Writing, Eclipse (IDE), English Proficiency (Spoken), English Proficiency (Written), HTML, Hindi Proficiency (Written), JSP, MS SQL Server, MS-Excel, MS-Office, Magento, MySQL, Python, Servlets, Teaching, WordPress, AJAX, ASP.NET, Android, AngularJS, Bootstrap, C++ Programming, Data Structures, Django, Java, JavaScript, Machine Learning, NoSQL, SQLite, XML, jQuery"
355,355,ML0356,0,2,0,2,0,2,2,0,0,0,0,0,0,".NET, Android, C Programming, C#, CSS, HTML, PHP, Java"
356,356,ML0357,1,2,0,1,0,2,2,1,0,0,0,0,0,"C Programming, C++ Programming, CSS, HTML, Java, SQL, J2EE, JavaScript, PHP, Python"
357,357,ML0358,2,3,0,0,0,2,1,0,0,0,0,0,0,"C Programming, HTML, MS-Office, MS-PowerPoint, Python, CSS, Django"
358,358,ML0359,0,1,2,2,2,2,2,2,0,0,0,0,0,"CSS, HTML, JavaScript, Manual Testing, MySQL, PHP, Software Testing"
359,359,ML0360,1,0,2,2,2,3,3,2,0,2,2,2,0,"CSS, HTML, Amazon Web Services (AWS), Android, AngularJS, Bootstrap, C Programming, C++ Programming, GitHub, Internet of Things (IoT), Java, JavaScript, Linux, MS-Excel, Manual Testing, MongoDB, MySQL, NoSQL, Node.js, PHP, SQLite, Software Testing, UI & UX Design, Unix, Machine Learning, Python, jQuery"
360,360,ML0361,0,0,0,0,0,2,1,2,0,0,1,1,1,"HTML, JavaScript, CSS, MongoDB, Node.js, ReactJS"
361,361,ML0362,1,0,0,0,0,0,0,0,0,0,0,0,0,"Android, C Programming, C++ Programming, Java, MS-Office, MS-PowerPoint, Python"
362,362,ML0363,0,2,0,0,0,2,2,0,0,0,0,0,0,"C Programming, CSS, Database Management System (DBMS), HTML, Java, SQL, XML"
363,363,ML0364,1,0,2,0,0,0,0,0,0,0,0,0,0,"Android, Python"
364,364,ML0365,2,3,0,0,2,0,2,2,0,0,0,0,0,"Amazon Web Services (AWS), C Programming, CSS, Data Structures, Database Management System (DBMS), Java, JavaScript, MySQL, Python, AngularJS, Computer Networking, Data Analytics, Linux, R Programming, SAP"
365,365,ML0366,0,0,0,0,0,2,0,0,0,0,0,0,0,"HTML, Java"
366,366,ML0367,2,0,0,0,0,2,2,1,0,0,0,0,0,"CSS, HTML, Python, SQL, JavaScript"
367,367,ML0368,0,0,2,0,0,0,0,0,0,0,0,0,0,"Android, Java"
368,368,ML0369,1,0,2,1,0,1,1,1,0,0,0,0,0,"C Programming, C++ Programming, Android, CSS, Django, HTML, Java, JavaScript, PHP, Python, R Programming"
369,369,ML0370,0,0,0,1,1,1,1,0,0,0,0,0,0,"Android, CSS, HTML, Java, MySQL, PHP"
370,370,ML0371,1,0,0,0,0,2,2,0,0,0,0,0,0,"Algorithms, C Programming, C++ Programming, Data Structures, Android, CSS, Flask, HTML, Java, MATLAB, Python"
371,371,ML0372,0,2,0,1,0,1,1,1,0,0,0,0,0,"C Programming, CSS, HTML, JavaScript, PHP"
372,372,ML0373,0,0,1,0,0,1,1,1,0,0,0,0,0,"Android, CSS, HTML, Java, JavaScript"
373,373,ML0374,0,0,0,0,0,2,2,0,0,2,0,0,0,"Bootstrap, CSS, HTML, Angular 7.0"
374,374,ML0375,2,0,2,0,2,2,2,1,0,2,0,0,0,"Arduino, Bootstrap, CSS, HTML, MySQL, Python, C Programming, Django, JavaScript, jQuery"
375,375,ML0376,0,0,0,0,0,0,0,0,0,0,0,0,0,"Digital Marketing, Video Editing, Adobe Photoshop, Android, Machine Learning"
376,376,ML0377,0,1,0,1,2,1,2,0,0,2,0,0,0,"Bootstrap, CSS, Java, MS-Office, MySQL, C++ Programming, HTML, PHP"
377,377,ML0378,0,0,0,2,0,2,2,2,0,0,0,0,0,"Adobe Photoshop, C Programming, C++ Programming, CSS, Computer Networking, Data Structures, Database Management System (DBMS), HTML, Java, JavaScript, Linux, MS SQL Server, MS-Office, MS-PowerPoint, MS-Word, Microsoft Visual Studio, PHP, SQL, Swing (Java), Visual Basic (VB), Perl"
378,378,ML0379,2,0,0,2,3,3,2,2,0,2,0,2,0,"C Programming, C++ Programming, HTML, MySQL, .NET, Bootstrap, CSS, Data Structures, Java, JavaScript, Node.js, PHP, Python, Visual Basic (VB)"
379,379,ML0380,0,0,2,0,0,0,0,0,0,0,0,0,0,"Adobe Photoshop, Android, Java, MS-Office, 3ds Max"
380,380,ML0381,0,0,0,0,0,0,0,0,0,0,0,0,0,"Accounting, C Programming, Data Structures, VHDL"
381,381,ML0382,2,0,0,3,0,3,2,3,0,0,0,0,0,"Algorithms, C Programming, Data Structures, Database Management System (DBMS), HTML, Java, JavaScript, PHP, SQL, CSS, Python, jQuery"
382,382,ML0383,0,0,0,0,0,2,0,2,0,0,0,0,0,"HTML, Java, JavaScript, ASP.NET, Android, C#.NET"
383,383,ML0384,2,0,0,0,0,0,0,0,0,0,0,0,0,"Java, Python"
384,384,ML0385,1,1,0,0,0,0,0,0,0,0,0,0,0,"C Programming, Java, Python"
385,385,ML0386,0,0,1,0,0,0,0,0,0,0,0,0,0,0
386,386,ML0387,1,1,0,2,2,2,2,2,0,2,0,0,0,"Android, Bootstrap, C Programming, CSS, Database Management System (DBMS), HTML, Java, JavaScript, Linux, MS-Office, MySQL, PHP, React Native, SQL, C++ Programming, GitHub, LARAVEL, MATLAB, Python"
387,387,ML0388,2,1,0,0,0,2,0,0,0,0,0,0,0,"Database Management System (DBMS), HTML, Python, SQL"
388,388,ML0389,2,0,0,2,0,2,2,1,0,0,0,0,0,"CSS, Cloud Computing, HTML, PHP, Python, Android, JavaScript"
389,389,ML0390,1,0,0,0,0,2,2,1,0,0,0,0,0,"CSS, HTML, JavaScript, Python"
390,390,ML0391,2,2,0,0,0,0,0,0,0,0,0,0,0,"Android, C Programming, C++ Programming, Python, User Interface (UI) Development"
391,391,ML0392,2,3,0,2,0,2,2,3,0,0,0,0,0,"C Programming, C++ Programming, JavaScript, CSS, HTML, Java, PHP, Python"
